-- ADM_BARANG
CREATE TABLE public."ADM_BARANG" (
	"ID" int4 NOT NULL GENERATED ALWAYS AS IDENTITY,
	"ID_BRAND" int4 NOT NULL,
	"NAMA" varchar(255) NOT NULL,
	"HARGA_SATUAN" int4 NOT NULL,
	"JUMLAH_BARANG" int4 NULL,
	"STATUS" int4 NULL DEFAULT 1,
	"KODE" varchar(20) NULL,
	"DESKRIPSI" varchar(255) NULL,
	CONSTRAINT adm_barang_id_pk PRIMARY KEY ("ID")
);


-- public."ADM_BARANG" foreign keys

ALTER TABLE public."ADM_BARANG" ADD CONSTRAINT adm_barang_fk FOREIGN KEY ("ID_BRAND") REFERENCES "ADM_BRAND"("ID");

-- public."ADM_BRAND" definition

-- Drop table

-- DROP TABLE public."ADM_BRAND";

CREATE TABLE public."ADM_BRAND" (
	"ID" int4 NOT NULL GENERATED ALWAYS AS IDENTITY,
	"KODE" varchar(5) NOT NULL,
	"NAMA_BRAND" varchar(100) NOT NULL,
	"CREATED_DATE" timestamp NOT NULL,
	"UPDATED_DATE" timestamp NULL,
	"STATUS" int4 NOT NULL DEFAULT 1,
	CONSTRAINT "ADM_BRAND_PKEY" PRIMARY KEY ("ID")
);


-- public."ADM_KATALOG" definition

-- Drop table

-- DROP TABLE public."ADM_KATALOG";

CREATE TABLE public."ADM_KATALOG" (
	"ID" int4 NOT NULL GENERATED ALWAYS AS IDENTITY,
	"ID_BARANG" int4 NOT NULL,
	"KODE" int4 NULL,
	"STATUS" int4 NULL DEFAULT 1,
	CONSTRAINT adm_catalog_id_pk PRIMARY KEY ("ID")
);


-- public."ADM_KATALOG" foreign keys

ALTER TABLE public."ADM_KATALOG" ADD CONSTRAINT adm_catalog_fk FOREIGN KEY ("ID_BARANG") REFERENCES "ADM_BARANG"("ID");
ALTER TABLE public."ADM_KATALOG" ADD CONSTRAINT adm_kode_fk FOREIGN KEY ("KODE") REFERENCES "ADM_KODE_KATALOG"("ID");


-- public."ADM_KODE_KATALOG" definition

-- Drop table

-- DROP TABLE public."ADM_KODE_KATALOG";

CREATE TABLE public."ADM_KODE_KATALOG" (
	"ID" int4 NOT NULL GENERATED ALWAYS AS IDENTITY,
	"KODE" varchar(20) NOT NULL,
	CONSTRAINT adm_kode_catalog_id_pk PRIMARY KEY ("ID")
);

-- public."ADM_MENU_MANAGEMENT" definition

-- Drop table

-- DROP TABLE public."ADM_MENU_MANAGEMENT";

CREATE TABLE public."ADM_MENU_MANAGEMENT" (
	"MENU_ID" int4 NOT NULL GENERATED ALWAYS AS IDENTITY,
	"NAMA_MENU" varchar(100) NOT NULL,
	"ICON" varchar(100) NULL,
	"PARENT_ID" int4 NULL,
	"URL" varchar(100) NOT NULL,
	"NO_URUT" int4 NULL,
	CONSTRAINT adm_menu_management_pk PRIMARY KEY ("MENU_ID"),
	CONSTRAINT adm_menu_management_parent_fk FOREIGN KEY ("PARENT_ID") REFERENCES "ADM_MENU_MANAGEMENT"("MENU_ID") ON DELETE CASCADE
);

-- public."ADM_POSISI" definition

-- Drop table

-- DROP TABLE public."ADM_POSISI";

CREATE TABLE public."ADM_POSISI" (
	"ID" int4 NOT NULL GENERATED ALWAYS AS IDENTITY,
	"NAMA_POSISI" varchar(100) NOT NULL,
	"STATUS" int4 NOT NULL DEFAULT 1,
	CONSTRAINT adm_posisi_pk PRIMARY KEY ("ID")
);

-- public."ADM_SATUAN" definition

-- Drop table

-- DROP TABLE public."ADM_SATUAN";

CREATE TABLE public."ADM_SATUAN" (
	"ID" int4 NOT NULL GENERATED ALWAYS AS IDENTITY,
	"NAMA_SATUAN" varchar(100) NOT NULL,
	"STATUS" int4 NULL,
	CONSTRAINT "ADM_SATUAN_PKEY" PRIMARY KEY ("ID")
);

-- public."ADM_STATUS" definition

-- Drop table

-- DROP TABLE public."ADM_STATUS";

CREATE TABLE public."ADM_STATUS" (
	"ID" int4 NOT NULL GENERATED ALWAYS AS IDENTITY,
	"NAMA_STATUS" varchar(100) NOT NULL,
	"KETERANGAN" varchar(100) NULL,
	"TIPE" varchar(100) NULL,
	"KODE" int4 NULL,
	CONSTRAINT adm_status_id_pk PRIMARY KEY ("ID")
);

-- public."KEU_CATATAN_HEADER" definition

-- Drop table

-- DROP TABLE public."KEU_CATATAN_HEADER";

CREATE TABLE public."KEU_CATATAN_HEADER" (
	"ID" int4 NOT NULL GENERATED ALWAYS AS IDENTITY,
	"ID_PENGIRIM" int4 NOT NULL,
	"NAMA_PENGIRIM" varchar(100) NOT NULL,
	"CATATAN" text NOT NULL,
	"NAMA_PENERIMA" varchar(255) NOT NULL,
	"ID_PENERIMA" int4 NOT NULL,
	"STATUS" int4 NOT NULL DEFAULT 1,
	"NAMA_STATUS" varchar(100) NULL,
	"IS_COMPLETE" int4 NULL,
	CONSTRAINT keu_catatan_header_pk PRIMARY KEY ("ID")
);


-- public."KEU_CATATAN_HEADER" foreign keys

ALTER TABLE public."KEU_CATATAN_HEADER" ADD CONSTRAINT keu_catatan_header_fk FOREIGN KEY ("ID_PENGIRIM") REFERENCES "PR_USER"("ID");
ALTER TABLE public."KEU_CATATAN_HEADER" ADD CONSTRAINT keu_catatan_header_penerima_fk FOREIGN KEY ("ID_PENERIMA") REFERENCES "PR_USER"("ID");
ALTER TABLE public."KEU_CATATAN_HEADER" ADD CONSTRAINT keu_catatan_header_pengirim_fk FOREIGN KEY ("ID_PENGIRIM") REFERENCES "PR_USER"("ID");

-- public."KEU_KASIR_HEADER" definition

-- Drop table

-- DROP TABLE public."KEU_KASIR_HEADER";

CREATE TABLE public."KEU_KASIR_HEADER" (
	"ID" int4 NOT NULL GENERATED ALWAYS AS IDENTITY,
	"KODE_PEMBELIAN" varchar(20) NULL,
	"ID_KASIR" int4 NULL,
	"KASIR" varchar(100) NULL,
	"CREATED_DATE" timestamp NULL,
	"TOTAL_PEMBELIAN" numeric NULL,
	"TOTAL_PEMBAYARAN" numeric NULL,
	"KEMBALIAN" numeric NULL,
	"IS_COMPLETE" int4 NULL,
	CONSTRAINT keu_kasir_header_pkey PRIMARY KEY ("ID")
);

-- public."KEU_KASIR_ITEM" definition

-- Drop table

-- DROP TABLE public."KEU_KASIR_ITEM";

CREATE TABLE public."KEU_KASIR_ITEM" (
	"ID" int4 NOT NULL GENERATED ALWAYS AS IDENTITY,
	"KODE_PEMBELIAN" varchar(20) NULL,
	"NAMA_BARANG" varchar(100) NULL,
	"JUMLAH" int4 NULL,
	"KODE_BARANG" varchar(20) NULL,
	"HARGA_SATUAN" numeric NULL,
	CONSTRAINT keu_kasir_item_pkey PRIMARY KEY ("ID")
);

-- public."PR_GAMBAR_BARANG" definition

-- Drop table

-- DROP TABLE public."PR_GAMBAR_BARANG";

CREATE TABLE public."PR_GAMBAR_BARANG" (
	"ID" int4 NOT NULL GENERATED ALWAYS AS IDENTITY,
	"ID_BARANG" int4 NOT NULL,
	"ORIG_NAME" varchar(255) NOT NULL,
	"FILE_NAME" varchar(255) NOT NULL,
	"MAIN_GAMBAR" int4 NULL,
	CONSTRAINT pr_gambar_barang_id_pk PRIMARY KEY ("ID")
);


-- public."PR_GAMBAR_BARANG" foreign keys

ALTER TABLE public."PR_GAMBAR_BARANG" ADD CONSTRAINT pr_gambar_barang_fk FOREIGN KEY ("ID_BARANG") REFERENCES "ADM_BARANG"("ID") ON DELETE CASCADE;

-- public."PR_USER" definition

-- Drop table

-- DROP TABLE public."PR_USER";

CREATE TABLE public."PR_USER" (
	"ID" int4 NOT NULL GENERATED ALWAYS AS IDENTITY,
	"POSISI_ID" int4 NOT NULL,
	"NAMA" varchar(100) NOT NULL,
	"EMAIL" varchar(100) NOT NULL,
	"PASSWORD" varchar(255) NOT NULL,
	"ALAMAT" varchar(255) NOT NULL,
	"NO_TELP" varchar(15) NOT NULL,
	"STATUS" int4 NOT NULL DEFAULT 1,
	"FOTO" varchar(255) NULL,
	"FOTO_ORIGNAME" varchar(255) NULL,
	CONSTRAINT pr_user_pk PRIMARY KEY ("ID")
);


-- public."PR_USER" foreign keys

ALTER TABLE public."PR_USER" ADD CONSTRAINT pr_user_fk FOREIGN KEY ("POSISI_ID") REFERENCES "ADM_POSISI"("ID");

-- public."R_POSISI_MENU" definition

-- Drop table

-- DROP TABLE public."R_POSISI_MENU";

CREATE TABLE public."R_POSISI_MENU" (
	"ID" int4 NOT NULL GENERATED ALWAYS AS IDENTITY,
	"POSISI_ID" int4 NOT NULL,
	"MENU_MANAGEMENT_ID" int4 NOT NULL,
	CONSTRAINT r_job_menu_pk PRIMARY KEY ("ID")
);


-- public."R_POSISI_MENU" foreign keys

ALTER TABLE public."R_POSISI_MENU" ADD CONSTRAINT adm_posisi_fk FOREIGN KEY ("POSISI_ID") REFERENCES "ADM_POSISI"("ID");
ALTER TABLE public."R_POSISI_MENU" ADD CONSTRAINT r_job_menu_menu_management_fk FOREIGN KEY ("MENU_MANAGEMENT_ID") REFERENCES "ADM_MENU_MANAGEMENT"("MENU_ID");

-- public."VW_KEU_KASIR_ITEM" source

CREATE OR REPLACE VIEW public."VW_KEU_KASIR_ITEM"
AS SELECT kki."ID",
    kki."KODE_PEMBELIAN",
    kki."NAMA_BARANG",
    kki."KODE_BARANG",
    kki."JUMLAH",
    kki."HARGA_SATUAN",
    kki."JUMLAH"::numeric * kki."HARGA_SATUAN" AS "HARGA_TOTAL"
   FROM "KEU_KASIR_ITEM" kki;


-- public."VW_KEU_KASIR_MAIN" source

CREATE OR REPLACE VIEW public."VW_KEU_KASIR_MAIN"
AS SELECT row_number() OVER (ORDER BY kkh."KODE_PEMBELIAN") AS "NO",
    kkh."KODE_PEMBELIAN",
    kkh."ID_KASIR",
    kkh."KASIR",
    kkh."CREATED_DATE",
    kki."NAMA_BARANG",
    kki."KODE_BARANG",
    kki."JUMLAH",
    kki."HARGA_SATUAN",
    kki."JUMLAH"::numeric * kki."HARGA_SATUAN" AS "HARGA_TOTAL",
    kkh."TOTAL_PEMBELIAN",
    kkh."TOTAL_PEMBAYARAN",
    kkh."TOTAL_PEMBAYARAN" - kkh."TOTAL_PEMBELIAN" AS "KEMBALIAN"
   FROM "KEU_KASIR_ITEM" kki
     JOIN "KEU_KASIR_HEADER" kkh ON kki."KODE_PEMBELIAN"::text = kkh."KODE_PEMBELIAN"::text;


-- insert

INSERT INTO public."ADM_MENU_MANAGEMENT"
("MENU_ID", "NAMA_MENU", "ICON", "PARENT_ID", "URL", "NO_URUT")
VALUES(1, 'Master Data', NULL, NULL, 'master_data', 1);
INSERT INTO public."ADM_MENU_MANAGEMENT"
("MENU_ID", "NAMA_MENU", "ICON", "PARENT_ID", "URL", "NO_URUT")
VALUES(2, 'Brand', NULL, 1, 'brand', 1);
INSERT INTO public."ADM_MENU_MANAGEMENT"
("MENU_ID", "NAMA_MENU", "ICON", "PARENT_ID", "URL", "NO_URUT")
VALUES(3, 'Barang', NULL, 1, 'barang', 2);
INSERT INTO public."ADM_MENU_MANAGEMENT"
("MENU_ID", "NAMA_MENU", "ICON", "PARENT_ID", "URL", "NO_URUT")
VALUES(4, 'Katalog', NULL, 1, 'katalog', 3);
INSERT INTO public."ADM_MENU_MANAGEMENT"
("MENU_ID", "NAMA_MENU", "ICON", "PARENT_ID", "URL", "NO_URUT")
VALUES(5, 'Posisi', NULL, 1, 'posisi', 4);
INSERT INTO public."ADM_MENU_MANAGEMENT"
("MENU_ID", "NAMA_MENU", "ICON", "PARENT_ID", "URL", "NO_URUT")
VALUES(6, 'Menu Management', NULL, 1, 'menu_management', 5);
INSERT INTO public."ADM_MENU_MANAGEMENT"
("MENU_ID", "NAMA_MENU", "ICON", "PARENT_ID", "URL", "NO_URUT")
VALUES(7, 'User', NULL, 1, 'user', 6);
INSERT INTO public."ADM_MENU_MANAGEMENT"
("MENU_ID", "NAMA_MENU", "ICON", "PARENT_ID", "URL", "NO_URUT")
VALUES(8, 'Keuangan', NULL, NULL, 'keuangan', 2);
INSERT INTO public."ADM_MENU_MANAGEMENT"
("MENU_ID", "NAMA_MENU", "ICON", "PARENT_ID", "URL", "NO_URUT")
VALUES(9, 'Kasir', NULL, 8, 'kasir', 1);
INSERT INTO public."ADM_MENU_MANAGEMENT"
("MENU_ID", "NAMA_MENU", "ICON", "PARENT_ID", "URL", "NO_URUT")
VALUES(10, 'Catatan', NULL, 8, 'catatan', 2);
INSERT INTO public."ADM_MENU_MANAGEMENT"
("MENU_ID", "NAMA_MENU", "ICON", "PARENT_ID", "URL", "NO_URUT")
VALUES(12, 'Kontak', NULL, NULL, 'kontak', 4);
INSERT INTO public."ADM_MENU_MANAGEMENT"
("MENU_ID", "NAMA_MENU", "ICON", "PARENT_ID", "URL", "NO_URUT")
VALUES(13, 'Landing', NULL, NULL, 'landing', 5);
INSERT INTO public."ADM_MENU_MANAGEMENT"
("MENU_ID", "NAMA_MENU", "ICON", "PARENT_ID", "URL", "NO_URUT")
VALUES(14, 'Satuan', NULL, 1, 'satuan', 7);
INSERT INTO public."ADM_MENU_MANAGEMENT"
("MENU_ID", "NAMA_MENU", "ICON", "PARENT_ID", "URL", "NO_URUT")
VALUES(11, 'About', NULL, NULL, 'about', 6);
INSERT INTO public."ADM_MENU_MANAGEMENT"
("MENU_ID", "NAMA_MENU", "ICON", "PARENT_ID", "URL", "NO_URUT")
VALUES(15, 'Laporan', NULL, NULL, 'laporan', 3);
INSERT INTO public."ADM_MENU_MANAGEMENT"
("MENU_ID", "NAMA_MENU", "ICON", "PARENT_ID", "URL", "NO_URUT")
VALUES(16, 'Penjualan', NULL, 15, 'penjualan', 1);


INSERT INTO public."ADM_KODE_KATALOG"
("ID", "KODE")
VALUES(1, 'dashboard');
INSERT INTO public."ADM_KODE_KATALOG"
("ID", "KODE")
VALUES(2, 'katalog');
INSERT INTO public."ADM_KODE_KATALOG"
("ID", "KODE")
VALUES(3, 'home');


INSERT INTO public."ADM_POSISI"
("ID", "NAMA_POSISI", "STATUS")
VALUES(1, 'ADMIN', 1);
INSERT INTO public."ADM_POSISI"
("ID", "NAMA_POSISI", "STATUS")
VALUES(3, 'Reseller', 1);
INSERT INTO public."ADM_POSISI"
("ID", "NAMA_POSISI", "STATUS")
VALUES(2, 'User', 1);


INSERT INTO public."ADM_STATUS"
("ID", "NAMA_STATUS", "KETERANGAN", "TIPE", "KODE")
VALUES(1, 'Nonaktif', NULL, 'master_data', 0);
INSERT INTO public."ADM_STATUS"
("ID", "NAMA_STATUS", "KETERANGAN", "TIPE", "KODE")
VALUES(2, 'Aktif', NULL, 'master_data', 1);
INSERT INTO public."ADM_STATUS"
("ID", "NAMA_STATUS", "KETERANGAN", "TIPE", "KODE")
VALUES(3, 'Belum Dikerjakan', NULL, 'catatan', 1);
INSERT INTO public."ADM_STATUS"
("ID", "NAMA_STATUS", "KETERANGAN", "TIPE", "KODE")
VALUES(4, 'Dalam Proses', NULL, 'catatan', 0);
INSERT INTO public."ADM_STATUS"
("ID", "NAMA_STATUS", "KETERANGAN", "TIPE", "KODE")
VALUES(5, 'Sudah Dikerjakan', NULL, 'catatan', 2);
INSERT INTO public."ADM_STATUS"
("ID", "NAMA_STATUS", "KETERANGAN", "TIPE", "KODE")
VALUES(6, 'Selesai', NULL, 'catatan', 3);

INSERT INTO public."R_POSISI_MENU"
("ID", "POSISI_ID", "MENU_MANAGEMENT_ID")
VALUES(303, 1, 2);
INSERT INTO public."R_POSISI_MENU"
("ID", "POSISI_ID", "MENU_MANAGEMENT_ID")
VALUES(304, 1, 3);
INSERT INTO public."R_POSISI_MENU"
("ID", "POSISI_ID", "MENU_MANAGEMENT_ID")
VALUES(305, 1, 4);
INSERT INTO public."R_POSISI_MENU"
("ID", "POSISI_ID", "MENU_MANAGEMENT_ID")
VALUES(306, 1, 5);
INSERT INTO public."R_POSISI_MENU"
("ID", "POSISI_ID", "MENU_MANAGEMENT_ID")
VALUES(307, 1, 6);
INSERT INTO public."R_POSISI_MENU"
("ID", "POSISI_ID", "MENU_MANAGEMENT_ID")
VALUES(308, 1, 7);
INSERT INTO public."R_POSISI_MENU"
("ID", "POSISI_ID", "MENU_MANAGEMENT_ID")
VALUES(309, 1, 14);
INSERT INTO public."R_POSISI_MENU"
("ID", "POSISI_ID", "MENU_MANAGEMENT_ID")
VALUES(310, 1, 1);
INSERT INTO public."R_POSISI_MENU"
("ID", "POSISI_ID", "MENU_MANAGEMENT_ID")
VALUES(311, 1, 9);
INSERT INTO public."R_POSISI_MENU"
("ID", "POSISI_ID", "MENU_MANAGEMENT_ID")
VALUES(312, 1, 10);
INSERT INTO public."R_POSISI_MENU"
("ID", "POSISI_ID", "MENU_MANAGEMENT_ID")
VALUES(313, 1, 8);
INSERT INTO public."R_POSISI_MENU"
("ID", "POSISI_ID", "MENU_MANAGEMENT_ID")
VALUES(314, 1, 12);
INSERT INTO public."R_POSISI_MENU"
("ID", "POSISI_ID", "MENU_MANAGEMENT_ID")
VALUES(315, 1, 13);
INSERT INTO public."R_POSISI_MENU"
("ID", "POSISI_ID", "MENU_MANAGEMENT_ID")
VALUES(316, 1, 11);
INSERT INTO public."R_POSISI_MENU"
("ID", "POSISI_ID", "MENU_MANAGEMENT_ID")
VALUES(317, 1, 15);
INSERT INTO public."R_POSISI_MENU"
("ID", "POSISI_ID", "MENU_MANAGEMENT_ID")
VALUES(318, 1, 16);
INSERT INTO public."R_POSISI_MENU"
("ID", "POSISI_ID", "MENU_MANAGEMENT_ID")
VALUES(319, 3, 1);
INSERT INTO public."R_POSISI_MENU"
("ID", "POSISI_ID", "MENU_MANAGEMENT_ID")
VALUES(320, 3, 9);
INSERT INTO public."R_POSISI_MENU"
("ID", "POSISI_ID", "MENU_MANAGEMENT_ID")
VALUES(321, 3, 10);
INSERT INTO public."R_POSISI_MENU"
("ID", "POSISI_ID", "MENU_MANAGEMENT_ID")
VALUES(322, 3, 8);
INSERT INTO public."R_POSISI_MENU"
("ID", "POSISI_ID", "MENU_MANAGEMENT_ID")
VALUES(323, 3, 15);
INSERT INTO public."R_POSISI_MENU"
("ID", "POSISI_ID", "MENU_MANAGEMENT_ID")
VALUES(324, 3, 16);
INSERT INTO public."R_POSISI_MENU"
("ID", "POSISI_ID", "MENU_MANAGEMENT_ID")
VALUES(325, 2, 9);
INSERT INTO public."R_POSISI_MENU"
("ID", "POSISI_ID", "MENU_MANAGEMENT_ID")
VALUES(326, 2, 10);
INSERT INTO public."R_POSISI_MENU"
("ID", "POSISI_ID", "MENU_MANAGEMENT_ID")
VALUES(327, 2, 8);
